session_pitch,max_shoulder_external_rotation,time_max_shoulder_external_rotation,max_elbow_extension,time_max_elbow_extension,max_hip_shoulder_separation,time_max_hip_shoulder_separation
1031_2,162.348,1.3056,17.1386,1.0083,32.3152,1.1722
1031_3,162.8656,0.7917,17.0735,0.5,32.5547,0.6583
1097_1,158.8107,0.9722,17.0064,1.0889,33.1477,0.85
1097_2,155.2244,1.0306,20.2657,1.0639,27.9286,0.8944
1097_3,156.2257,1.0028,19.0973,0.6556,28.9909,0.8722
1170_1,155.2434,1.1361,22.5505,0.8167,38.4456,1.0028
1170_2,157.7356,1.0167,23.4728,0.6889,37.9762,0.8778
1250_1,164.4621,0.7472,15.4409,0.8472,27.946,0.6333
1250_3,171.7483,0.7694,5.8014,0.8389,30.1618,0.65
1313_1,158.2767,1.0722,18.3729,1.1694,39.9065,0.9611
1313_2,159.9967,1.0139,17.0315,1.1083,39.7564,0.9028
1313_3,163.6532,1.0806,19.8768,1.175,41.0581,0.9722
1346_1,181.1754,1.0806,25.8071,1.1139,40.9342,0.9694
1346_2,181.247,1.1194,23.3132,1.1556,41.5219,1.0083
1346_3,180.423,1.0917,25.6206,1.125,43.4676,0.9778
1370_1,156.3049,0.9417,21.5026,1.0306,28.4991,0.8306
1370_2,158.2781,0.9194,19.6483,1.0083,29.2075,0.8056
1370_3,158.9088,1.3139,20.8957,1.4056,28.6646,1.2
1371_2,176.3965,0.7083,35.4463,0.8083,31.2807,0.575
1371_3,177.1948,0.7167,38.1446,0.7528,29.8457,0.5861
1393_1,150.535,0.9417,24.1267,0.9778,16.1937,0.8167
1393_2,150.36,1.0167,24.7155,1.0528,13.1602,0.8917
1393_3,151.2893,1.0028,26.7646,1.0389,15.9429,0.875
1394_1,169.2997,0.9611,21.9961,0.6444,27.8676,0.8472
1394_2,170.0083,0.9611,23.2422,0.6306,28.2601,0.85
1394_3,171.4072,0.9667,23.5297,0.6472,27.8057,0.8528
1403_1,179.194,0.85,23.0431,0.4694,28.9473,0.7389
1403_2,179.7406,1.0,23.7499,0.6222,31.9787,0.8806
1403_3,179.8952,0.7889,22.4424,0.4167,31.0139,0.6722
1561_1,171.2329,1.6056,31.0219,1.7389,33.7945,1.475
1561_2,173.3027,1.4833,30.855,1.6222,33.5608,1.3667
1561_3,175.046,1.75,32.8049,1.375,33.2989,1.6167
1562_1,172.3515,1.3444,29.0764,1.4556,32.138,1.2361
1562_2,172.8179,1.4333,24.823,1.55,34.9612,1.3111
1562_3,174.8582,1.4194,31.1585,1.5333,33.5415,1.3139
1574_1,184.7196,1.3111,22.7821,0.9556,27.5131,1.1778
1574_2,181.0923,1.3472,24.2308,0.9889,27.8371,1.2139
1574_3,183.9835,1.2556,25.095,0.9111,27.6326,1.1222
1581_1,162.6345,1.5333,32.5982,1.8583,27.2202,1.4056
1581_2,163.9942,1.5833,33.0726,1.6861,28.4361,1.4556
1581_3,163.8234,1.4917,31.4724,1.5944,28.3802,1.3639
1601_1,174.1473,1.8861,26.5318,1.9833,35.827,1.75
1601_2,175.7553,1.7556,25.6922,1.8556,33.2345,1.6139
1601_3,173.6189,1.3806,25.9462,1.4833,36.4173,1.2361
1603_1,172.0197,1.1889,31.4964,1.2194,24.9238,1.0667
1603_2,172.1789,1.1667,31.7748,1.2694,24.3157,1.0472
1603_3,170.7834,1.3417,31.5309,1.3694,25.0372,1.2194
1612_1,158.1403,1.2139,24.8484,0.9083,26.5117,1.0944
1612_2,159.1295,1.1806,28.7416,0.8806,27.6116,1.0611
1612_3,157.396,1.0417,24.8445,0.7417,28.1411,0.9194
1615_1,168.8882,1.15,33.2575,1.2917,48.4828,1.025
1615_2,167.0407,1.3056,34.1934,1.4,47.9364,1.1833
1620_1,184.6568,1.4389,29.5417,1.5583,24.6874,1.3139
1620_3,183.5441,1.4139,33.3791,1.8389,24.9623,1.2861
1623_1,172.4469,1.6222,5.9017,1.3583,22.041,1.5139
1623_2,174.501,1.9361,8.8761,1.6694,22.442,1.8278
1623_3,172.2693,1.8139,5.3608,1.5472,21.0338,1.7111
1665_1,162.5317,1.3444,16.1764,1.0222,34.7762,1.2167
1665_2,162.0228,1.4556,17.4755,1.1639,35.9357,1.3361
1665_3,166.9818,1.3222,18.4816,0.9889,35.878,1.2
1668_1,177.9213,1.2028,15.4846,0.8944,37.0796,1.0694
1668_2,175.343,1.4194,15.1996,1.1139,37.8798,1.2917
1668_3,178.1733,1.1889,15.8683,0.875,36.6162,1.0667
1688_1,177.0473,1.6361,31.3664,1.7417,29.0828,1.5056
1688_2,175.9829,1.5417,27.5784,1.65,29.0198,1.4083
1717_1,145.3224,1.2083,18.6403,1.2472,31.3037,1.0639
1717_3,143.309,1.2556,21.2735,1.2944,29.0237,1.1056
1718_1,149.219,1.4889,20.4329,1.1611,35.4,1.375
1718_2,150.7983,1.575,19.2293,1.6778,36.7362,1.4583
1718_3,148.4333,1.4528,19.6843,1.1167,36.4401,1.3361
1729_1,170.5134,2.0806,26.2434,1.6889,34.2213,1.9806
1729_2,170.5958,1.9333,27.2275,1.55,34.9412,1.8306
1729_3,170.2972,2.0639,26.6194,1.675,34.8563,1.9528
1759_1,172.4537,1.4861,23.3885,1.525,26.0232,1.3667
1759_2,172.3286,1.5583,24.4566,1.5944,26.4069,1.4389
1759_3,174.9484,2.2972,24.6948,2.3361,27.5029,2.1806
1778_1,166.3496,0.8667,18.9259,0.5194,38.8262,0.7306
1778_2,167.2183,0.8389,18.6038,0.4889,39.0618,0.7028
1779_1,146.6213,1.075,31.0274,1.2194,28.87,0.9472
1779_2,147.5378,1.0278,29.3095,0.6889,29.7245,0.9
1779_3,149.9542,1.0611,29.273,1.2,30.4804,0.9306
1782_1,148.5305,1.5611,16.9192,1.7083,21.9465,1.4111
1782_2,153.6974,1.7361,11.7231,1.8806,22.6311,1.5778
1782_3,152.8364,1.4944,19.6999,1.6,22.0737,1.3306
1782_4,152.614,1.5306,12.1866,1.6639,24.0099,1.3639
1783_2,178.3174,1.2722,22.0879,1.3722,28.2834,1.1444
1783_3,178.24,1.2889,25.4982,1.3889,28.0211,1.1556
1783_4,178.5277,1.1028,23.3179,1.2056,28.7584,0.9694
1783_5,177.902,1.2833,25.4532,1.3861,27.0269,1.1528
1808_1,168.4869,1.3306,25.4305,1.0083,25.7179,1.1806
1808_2,168.1608,1.2056,24.3083,0.8778,27.4708,1.0556
1808_3,168.5074,1.2194,24.2492,0.8917,26.7585,1.0694
1808_4,168.3182,1.1222,24.4931,0.7889,26.0,0.9694
1808_5,167.7306,1.1722,23.7883,0.8361,27.0232,1.0167
1826_1,173.4894,1.3944,26.1739,1.0861,33.9563,1.2667
1826_2,175.3444,1.2667,28.2819,0.9528,35.0855,1.1389
1826_3,177.2152,1.2861,22.0835,0.975,34.672,1.1583
1826_4,174.953,1.3111,27.1577,1.475,33.8101,1.1861
1826_5,176.0887,1.3444,24.5824,1.0278,34.4955,1.2194
1830_1,166.0445,1.6333,33.8928,1.6667,23.0931,1.5611
1830_2,166.7035,1.5111,33.6815,1.5444,23.8003,1.4333
1830_3,164.9287,1.425,34.8352,1.4583,23.6195,1.3528
1830_4,166.4415,1.4528,31.3981,1.6583,23.7856,1.3861
1830_5,165.8914,1.4111,33.4453,1.4472,23.6546,1.3444
1845_1,179.0422,0.875,24.4252,0.5806,38.5789,0.75
1845_2,179.9083,0.9528,23.4555,0.6417,42.0207,0.8278
1845_3,181.3588,1.0389,23.1679,0.7389,40.8003,0.9111
2653_1,169.1149,1.4333,28.9441,1.1222,35.1037,1.3306
2653_2,170.1366,1.2861,27.1054,0.9917,36.2819,1.1889
2653_3,168.7091,1.2222,27.8934,0.9306,35.6802,1.1194
2653_4,172.2374,1.2861,24.9422,0.975,36.9074,1.1889
2653_5,170.2402,1.2333,26.7095,0.9361,34.1255,1.1333
2655_1,148.6946,1.1722,26.6439,0.8583,31.2092,1.0444
2655_2,149.7039,1.1,31.0474,1.1333,31.3191,0.9722
2655_3,149.0441,1.3,30.8219,0.9972,31.3703,1.1722
2655_4,149.2454,1.1611,30.8763,1.1917,31.8298,1.0361
2655_5,149.3529,1.1611,31.1786,1.1917,32.7657,1.0333
2730_1,155.6044,1.1333,26.9782,1.1722,24.8662,0.9917
2730_2,155.9367,1.2389,25.3899,1.275,25.0339,1.1028
2730_3,155.0093,1.2139,24.6262,1.2528,24.5123,1.0778
2730_5,153.58,1.1833,25.4292,1.2194,23.2454,1.05
2734_1,187.2702,1.5083,15.9615,1.2222,39.1023,1.3806
2734_2,188.6939,1.4972,15.5385,1.2083,41.9362,1.3917
2734_3,191.2588,1.3139,15.4934,1.0389,36.2088,1.1861
2734_4,191.0558,1.5806,15.6105,1.2944,35.1037,1.4556
2734_5,190.8333,1.4889,15.0709,1.2083,36.3886,1.3639
2742_1,168.7007,1.3278,19.3142,1.4417,38.796,1.1917
2742_2,170.1749,1.2222,18.4589,1.3361,36.6081,1.0889
2742_3,171.3882,1.2694,19.4771,0.9694,37.7529,1.1361
2742_4,173.1169,1.1778,18.3676,0.8611,34.7311,1.0361
2742_5,170.3753,1.1417,17.5785,1.2556,37.8856,1.0056
2753_1,174.3232,1.6639,22.3515,1.775,24.2605,1.5333
2753_2,176.4702,1.4278,21.2539,1.5417,23.302,1.2972
2753_3,174.8413,1.7111,17.8041,1.9278,25.7115,1.5778
2753_4,175.5093,1.5556,19.7442,1.6694,22.9046,1.4306
2753_5,177.5316,1.5028,17.9568,1.6222,23.3818,1.3778
2760_1,153.5178,1.3444,26.2795,1.0222,20.3609,1.2278
2760_2,155.5062,1.0833,25.8673,0.7694,22.6467,0.9694
2760_3,152.0976,1.2694,26.1975,0.9556,20.6227,1.1556
2760_4,155.4616,1.1667,24.9331,0.8528,21.3596,1.0472
2760_5,158.8112,1.1667,26.002,0.8472,22.016,1.0528
2761_2,166.276,1.3833,25.3977,1.4194,18.9286,1.2667
2761_3,166.7454,1.4528,23.8483,1.4861,22.1352,1.3361
2761_4,164.8812,1.625,23.9805,1.6611,19.4437,1.5056
2761_5,166.7919,1.4833,24.9473,1.5167,19.1038,1.3611
2806_1,150.2214,1.0611,26.9996,1.0944,23.0541,0.9139
2806_2,150.4431,1.0778,25.5617,1.1083,23.8995,0.9306
2806_3,152.4615,1.0556,26.0651,1.0889,23.3644,0.9111
2806_4,153.5522,0.9917,25.7478,1.0222,21.1409,0.8417
2806_5,151.4551,0.9861,25.5529,1.0194,21.5764,0.8333
2811_1,170.0122,1.8694,33.8226,1.9861,44.8331,1.7417
2811_2,168.5546,1.6639,34.9534,1.7,44.8,1.5333
2811_3,172.5139,1.675,35.3208,1.7111,43.1511,1.5417
2811_4,169.4314,1.775,33.4176,1.8806,45.4415,1.6361
2811_5,168.5174,1.5833,27.6648,1.7,45.244,1.4472
2812_1,184.3862,1.45,10.0676,1.5389,40.0662,1.3083
2812_2,188.2746,1.225,15.2111,1.325,37.923,1.0861
2812_3,185.1408,1.3306,5.3555,1.425,39.4482,1.1917
2812_4,188.2354,1.3667,5.5221,1.4583,40.4509,1.2194
2812_5,185.5782,1.225,5.092,1.3194,37.1323,1.0778
2815_1,175.7709,1.7278,30.1849,1.825,27.5379,1.5667
2815_2,178.3489,1.6194,29.2958,1.7833,27.6876,1.4694
2815_3,176.5604,1.6528,31.4319,1.75,28.1775,1.4917
2815_4,175.772,1.6472,28.2133,1.7444,24.986,1.4972
2815_5,176.737,1.7778,30.4491,1.875,26.9453,1.6222
2818_1,168.459,1.35,38.4547,1.4556,30.4853,1.2056
2818_2,171.8634,1.2111,38.3036,1.2417,32.155,1.0639
2818_3,172.5894,1.2028,39.2342,1.3083,31.9776,1.0583
2818_4,171.6065,1.1972,37.2942,1.3028,33.5466,1.0528
2818_5,170.9315,1.2778,37.9712,1.3111,33.3839,1.1361
2833_1,180.389,1.2583,30.1059,1.3972,34.1953,1.1222
2833_2,181.3012,1.1806,27.9812,1.3194,35.307,1.0417
2833_3,178.7821,1.175,32.6191,1.3167,36.7383,1.0361
2833_4,182.045,1.3111,31.7146,1.4583,34.2301,1.175
2833_5,182.6002,1.4583,29.857,1.6028,36.9466,1.3222
2840_1,171.2603,1.4139,10.8701,1.1056,23.3714,1.2889
2840_2,172.2012,1.5194,10.0639,1.2278,22.9778,1.3889
2840_4,168.7848,1.5972,11.7621,1.2833,21.8871,1.4639
2840_5,171.4894,1.5694,10.6426,1.2667,21.0008,1.4361
2843_1,159.2278,1.2389,28.7837,1.3333,42.232,1.1194
2843_2,160.0375,1.0722,24.4762,1.1667,41.8221,0.95
2843_3,161.6376,1.1611,28.1699,1.2583,40.8374,1.0444
2843_4,159.4257,1.1333,26.5775,1.2278,42.7919,1.0139
2843_5,162.7735,1.1167,26.1284,1.2139,42.1508,0.9944
2853_1,168.1457,1.4417,22.0412,1.1361,27.9832,1.3083
2853_3,166.9678,1.6306,20.6343,1.325,27.1646,1.4944
2853_4,168.8758,1.3,17.8095,1.0028,28.6262,1.1639
2853_5,169.1512,1.5028,18.611,1.2028,27.3403,1.3694
2857_1,163.8245,1.4778,16.6769,1.5778,42.5266,1.3583
2857_2,163.5543,1.5361,12.6729,1.6361,38.8032,1.4278
2857_3,159.3317,1.3583,12.1717,1.4639,41.6529,1.2444
2857_4,165.281,1.3194,15.781,1.4167,40.6763,1.2056
2857_5,162.4396,1.4444,14.9715,1.5417,37.8624,1.3417
2859_1,173.9064,1.4444,22.1044,1.5472,35.5464,1.325
2859_2,176.6205,1.5278,23.4664,1.6306,36.8295,1.4056
2859_3,173.8363,1.5111,25.038,1.6472,34.816,1.3944
2859_4,173.9812,1.4306,23.5225,1.5389,35.9832,1.3139
2859_5,178.3831,1.4333,22.4315,1.5333,35.3756,1.3111
2860_1,177.171,1.5944,28.6237,1.3083,33.5995,1.475
2860_2,176.4108,1.6417,29.3178,1.3528,33.538,1.525
2860_3,176.5274,1.6306,28.4458,1.3417,33.5635,1.5111
2860_5,176.5329,1.6528,27.8445,1.3639,34.0155,1.5333
2861_1,178.3263,1.8861,26.4159,1.6,47.5996,1.7667
2861_2,176.3369,1.425,21.1329,1.1278,49.5932,1.3111
2861_3,179.4901,1.5194,29.5187,1.6278,50.1634,1.4056
2861_4,178.9164,1.4556,24.1124,1.1667,50.1181,1.3444
2861_5,180.0941,1.3639,27.8143,1.4694,50.5117,1.25
2865_1,185.3206,1.9944,35.0515,2.025,36.1369,1.8833
2865_2,185.3634,1.8611,33.0905,1.8917,37.1022,1.75
2865_3,186.1605,1.6806,34.0889,1.7111,36.8509,1.5694
2865_4,185.263,1.8444,34.2755,1.875,36.9864,1.7333
2865_5,184.5613,1.5528,34.1524,1.5833,37.4324,1.4389
2882_1,191.5387,1.4417,21.8942,1.5444,32.0688,1.3444
2882_2,188.7312,1.3472,20.3365,1.4611,31.1357,1.2472
2882_4,189.2595,1.5583,22.9539,1.6722,30.914,1.4556
2882_5,188.2508,1.45,28.3016,1.5639,30.6357,1.35
2889_1,166.1907,1.7611,25.7512,1.8,26.5489,1.6444
2889_2,167.0909,1.5833,26.07,1.625,25.9397,1.4667
2889_3,171.4975,1.5472,22.6056,1.5861,28.3979,1.4278
2889_4,163.8937,1.6167,24.9423,1.6556,25.3203,1.5
2889_5,171.381,1.5611,27.0037,1.6,26.6223,1.4361
2891_1,161.2508,1.6306,1.9304,1.3028,39.1019,1.4861
2891_2,162.1261,1.5889,3.467,1.2667,40.186,1.45
2891_3,160.8499,1.475,2.8816,1.15,40.646,1.3278
2891_4,158.0667,1.6278,1.0709,1.3056,39.0375,1.4861
2891_5,165.2621,1.4556,2.3094,1.1361,48.6724,1.3111
2905_1,169.4105,1.2806,35.5111,1.3139,36.3441,1.1472
2905_2,169.3067,1.0778,33.741,1.1111,36.4323,0.9444
2905_3,174.0463,0.9306,36.5854,0.9639,38.0,0.7972
2905_4,171.7352,1.1722,34.6571,1.2056,37.0629,1.0417
2905_5,171.2732,0.9389,35.8505,0.9722,38.1095,0.8056
2907_1,166.2838,1.1167,34.7546,1.2139,27.0873,1.0083
2907_2,167.1978,1.1167,35.4521,1.1528,29.6805,1.0111
2907_3,166.4385,1.1417,33.7848,1.2389,28.0988,1.0361
2907_4,168.8052,1.2306,35.4945,1.2639,28.8002,1.1278
2907_5,167.3831,1.1333,34.6708,1.2278,28.2344,1.025
2916_1,169.5324,0.9417,12.7622,1.0333,36.5688,0.8389
2916_2,170.326,0.9167,13.9968,1.0083,37.0706,0.8139
2916_3,171.2874,1.075,11.489,1.1667,36.6836,0.9778
2916_4,170.5148,0.9556,13.1575,1.0444,36.1736,0.875
2916_5,172.7733,1.0861,12.5815,1.175,38.9573,1.0028
2918_1,166.7136,1.2056,18.1034,1.3333,30.9464,1.0833
2918_2,167.4121,1.0861,16.1122,1.1972,30.2947,0.9694
2918_3,167.0481,1.1222,20.2968,1.2333,30.4038,1.0056
2918_4,167.0126,1.2639,19.8296,1.3833,30.217,1.1472
2918_5,167.2232,1.1583,18.7891,1.275,30.9726,1.0389
2919_1,182.5645,1.7278,15.3992,1.3972,29.4493,1.5917
2919_2,182.2818,1.6917,17.8211,1.3583,28.8214,1.5528
2919_3,184.0617,2.0639,14.9934,1.7306,29.6014,1.9306
2919_4,183.6061,1.7472,16.1723,1.4222,28.7634,1.6111
2919_5,184.1284,1.6556,16.1429,1.3194,28.0776,1.5194
2923_1,151.2197,1.2833,21.1316,1.3778,21.4589,1.2056
2923_2,152.0982,1.5556,22.8056,1.2917,22.0308,1.4639
2923_3,152.8674,1.4222,23.5026,1.5167,22.3934,1.3278
2923_4,152.6669,1.5778,21.9521,1.3139,21.4793,1.4861
2923_5,152.9557,1.4111,24.0107,1.1472,21.1643,1.325
2926_1,165.8547,1.2972,19.8444,1.0278,30.4826,1.1806
2926_2,167.3556,1.2472,17.002,0.9694,31.9176,1.1278
2926_4,167.2259,1.1306,17.6064,0.8583,33.886,1.0056
2926_5,166.1618,1.1111,20.5308,0.8444,29.5619,0.9972
2927_1,166.3264,1.2861,20.4531,1.3861,24.7333,1.1639
2927_2,168.5222,1.0833,19.3681,1.1833,25.0186,0.9639
2927_3,167.1665,1.2222,19.704,1.325,24.7944,1.1
2927_4,168.5958,1.3583,18.5727,1.4556,26.0768,1.2389
2927_5,171.0492,1.1056,20.813,1.1972,27.0761,0.9833
2935_1,163.3374,1.5361,29.6442,1.2667,32.9606,1.4278
2935_2,161.2673,1.375,27.088,1.1056,34.3235,1.2639
2935_3,165.101,1.3556,29.2674,1.0889,34.598,1.2528
2935_4,167.8901,1.5139,29.4803,1.25,33.9164,1.4056
2935_5,162.8514,1.5472,28.5825,1.275,30.8621,1.4389
2965_1,159.9559,1.5361,31.6139,1.6972,32.6733,1.4194
2965_2,163.2782,1.7333,32.5883,1.7667,35.024,1.6139
2965_3,162.6742,1.6833,30.9181,1.8389,32.5164,1.5694
2965_4,163.5377,1.475,33.9002,1.5083,32.3402,1.3583
2965_5,163.5862,1.3056,28.1376,0.9778,35.636,1.1972
2969_1,174.9804,1.85,29.1561,2.1889,30.6191,1.7417
2969_2,170.6601,1.5889,25.1555,1.6861,29.8631,1.4778
2969_3,170.7903,1.5056,28.5413,1.85,31.1496,1.3944
2979_1,171.2316,1.6056,16.6392,1.2528,39.746,1.4806
2979_2,169.8878,1.5944,21.8294,1.2556,39.3879,1.4667
2979_3,170.1582,1.6611,23.4521,1.3306,41.23,1.5333
2979_4,168.6962,1.3639,21.5389,1.0194,36.754,1.2472
2979_5,173.6607,1.3889,22.9071,1.0389,39.5657,1.2639
2981_1,169.8835,1.8361,23.5505,1.9333,33.5266,1.7028
2981_2,170.4376,1.3861,9.3056,1.4861,34.1171,1.2528
2981_3,174.0136,1.45,25.0782,1.5444,34.8421,1.3139
2981_4,171.0297,1.3139,22.0618,1.4111,36.062,1.1778
2989_1,168.6566,1.2472,25.7914,0.8944,19.3079,1.1389
2989_2,166.097,1.225,26.0396,0.85,24.9791,1.1083
2989_3,167.5862,1.1917,25.4373,0.8083,25.432,1.075
2989_4,167.142,1.25,25.6029,0.875,24.4678,1.1278
2989_5,168.1058,1.1333,25.3206,0.7444,25.4633,1.0194
2990_2,167.3005,1.2278,17.8801,0.8583,31.0949,1.0833
2990_3,160.9126,1.1222,17.442,0.7528,32.0116,0.975
2990_4,163.3347,1.1278,14.2455,0.7556,32.3166,0.9806
2990_5,162.951,1.0944,14.0912,0.7389,30.8652,0.95
2993_1,178.8355,1.5722,29.439,1.675,37.7856,1.425
2993_2,181.3527,1.6972,31.2567,1.3639,37.7832,1.5528
2993_3,182.2863,1.6111,32.1405,1.7139,34.8196,1.4833
2993_4,182.8522,1.6361,32.7756,1.3222,36.9458,1.4833
2996_1,166.1732,1.3528,29.7911,1.4611,43.7389,1.2222
2996_2,166.9327,1.325,25.6672,1.4361,44.2878,1.2
2996_3,168.0063,1.3306,25.2113,1.4389,44.1706,1.2028
2996_4,165.027,1.2889,24.23,1.4028,42.6935,1.1667
2999_1,183.3956,1.3889,8.6336,0.9639,35.1316,1.2556
2999_2,184.8722,1.4944,6.7943,1.0528,33.7164,1.3667
2999_3,185.1683,1.3083,4.1742,0.8472,33.7037,1.1722
2999_4,183.8987,1.3889,5.2813,0.9333,34.2887,1.25
2999_5,185.294,1.3389,5.5128,0.9111,34.5996,1.2111
3034_1,156.9375,1.5667,15.4722,1.2833,36.1792,1.4361
3034_2,154.3221,1.525,16.2896,1.2361,32.4316,1.3889
3034_3,155.1073,1.425,17.6,1.1444,31.8222,1.2944
3034_4,154.7687,1.4194,15.772,1.1306,30.0119,1.2889
3034_5,150.9881,1.3778,15.522,1.0972,29.7549,1.25
3035_1,171.248,1.4722,20.9178,1.8139,40.3211,1.3361
3035_2,170.7248,1.5306,20.2033,1.2194,41.4378,1.3972
3035_3,168.584,1.4028,24.1929,1.6,39.6887,1.2667
3035_4,169.9867,1.4889,22.1833,1.8278,40.5034,1.3583
3035_5,168.3954,1.5139,21.1057,1.2,40.8354,1.3778
3036_1,166.9012,1.2944,14.5441,1.4222,38.7702,1.1806
3036_2,171.6267,1.2639,23.803,1.3639,34.5198,1.1444
3036_3,168.4611,1.2694,25.5548,1.375,34.0684,1.1583
3036_4,169.2497,1.2111,17.5028,1.3111,36.3446,1.1
3037_1,177.3941,1.7028,35.0572,1.7333,24.801,1.5722
3037_2,178.316,2.5639,33.6206,2.5944,25.2611,2.4333
3037_3,177.4023,1.4833,34.9383,1.5167,25.7841,1.3528
3037_4,175.3499,1.7722,34.6852,1.8028,24.4598,1.6333
3037_5,174.9318,1.7833,34.99,1.8139,23.7758,1.65
3043_1,160.6136,1.4861,27.2909,1.5806,26.1995,1.3611
3043_2,161.6208,1.6583,26.5427,2.0389,25.2105,1.5306
3043_3,160.478,1.5,23.293,1.9889,25.4837,1.3722
3043_4,161.9432,1.4806,27.3616,1.575,25.1944,1.3528
3043_5,162.2231,1.4556,25.0609,1.5528,24.7518,1.3306
3044_1,168.1182,1.5889,9.1949,1.2528,33.496,1.4333
3044_2,166.2254,1.6667,8.0903,1.3333,35.0728,1.5139
3044_3,167.2829,1.5889,9.7335,1.2556,35.0012,1.4417
3044_4,165.36,1.9278,9.3775,1.5972,35.4464,1.7778
3044_5,172.947,2.0556,12.4698,1.7194,31.8473,1.8972
3046_1,175.5501,1.3528,16.9573,1.0611,26.7008,1.2306
3046_2,174.3461,1.4778,18.5822,1.1889,29.4766,1.3528
3046_3,175.6361,1.5222,18.3339,1.2306,29.1775,1.4
3046_4,176.2256,1.5306,17.6379,1.2389,30.2082,1.4083
3053_1,166.0848,1.3333,10.5825,0.925,37.6421,1.1833
3053_2,166.9703,1.2111,11.0079,0.7944,38.5234,1.0556
3053_3,164.6712,1.1917,10.9546,0.775,39.5805,1.0333
3053_4,166.9969,1.2944,8.3537,0.8611,37.1457,1.1361
3053_5,165.2703,1.4222,10.5725,0.9889,38.0216,1.1639
3055_1,162.0521,1.6,26.9227,1.7139,30.5093,1.4722
3055_2,164.2258,1.6028,27.0143,1.6556,31.4477,1.4778
3055_3,161.7043,1.5528,27.8919,1.6639,32.2721,1.425
3055_4,162.8884,1.475,26.2934,1.5944,30.1853,1.3556
3055_5,163.396,1.7,28.8183,1.75,31.4035,1.575
3065_1,177.7231,1.4,35.4067,1.4333,32.5966,1.2778
3065_2,176.9715,1.2361,35.7023,1.2694,31.7824,1.1139
3065_3,177.5961,1.2083,35.7902,1.2417,32.552,1.0833
3065_4,177.2404,1.1611,34.6968,1.1944,33.1581,1.0361
3065_5,178.3422,1.2556,35.5231,1.2861,31.6764,1.1306
3132_1,173.3415,1.4194,28.715,1.0667,27.6736,1.2861
3132_2,174.7342,2.0028,27.4884,1.6528,27.0901,1.8694
3132_3,174.3888,1.4556,25.5418,1.1056,27.1073,1.3222
3132_4,176.6785,1.4944,25.3436,1.1528,30.6289,1.3556
3132_5,175.1408,1.3333,24.9415,0.9806,28.8154,1.1944
3140_1,180.7525,1.0972,16.0376,0.7833,29.3986,0.975
3140_2,182.8873,1.0639,16.7255,0.7611,30.2127,0.9417
3140_3,183.0124,1.0167,18.072,0.7194,31.0688,0.8944
3140_4,183.3368,1.0556,17.8505,0.7528,26.1595,0.9333
3140_5,180.0214,1.0611,15.0553,0.75,30.6266,0.9361
3172_1,176.5847,1.9361,20.8129,2.0389,37.2019,1.8
3172_2,179.4328,1.6722,22.3555,1.7111,35.6771,1.5333
3172_3,176.3727,1.4694,19.6574,1.5667,34.7857,1.3306
3172_4,179.5667,1.9417,22.0706,2.0417,35.1597,1.8028
3172_5,178.5983,1.7111,22.3086,1.7472,34.7173,1.5694
3222_1,147.9052,1.2194,25.2817,0.9222,20.1234,1.0861
3222_2,146.9484,1.175,25.6151,0.8778,20.9315,1.0444
3222_3,145.2974,1.0944,26.1721,0.7889,20.4984,0.9694
3222_4,144.2908,1.0806,24.9542,0.7833,18.126,0.9472
3222_5,147.6777,1.1139,27.1424,0.8167,21.0665,0.9889
3228_1,165.1136,1.5444,31.7109,1.6361,40.9071,1.4222
3228_2,164.3143,1.4278,34.4237,1.5167,40.8231,1.3028
3228_3,163.8443,1.5694,29.3875,1.6639,41.0746,1.4472
3228_4,162.7623,1.7083,31.069,1.8,39.2613,1.5861
3228_5,164.385,1.8639,30.1329,1.9528,41.7029,1.7417
3232_1,156.6749,2.1667,22.3391,2.2611,32.1945,2.0444
3232_2,157.0058,2.3361,23.5066,2.4278,31.9456,2.2194
3232_3,154.9786,2.5972,19.6675,2.6917,34.0576,2.4778
3232_4,156.8435,2.7889,21.1579,2.8861,33.7839,2.675
3232_5,156.3694,2.85,21.5895,2.9417,31.3947,2.7306
3233_1,178.2169,1.5722,17.7455,1.2472,37.0019,1.4361
3233_2,176.7554,1.5444,20.3169,1.2139,35.2655,1.4111
3233_3,180.5667,1.5222,17.3417,1.1889,37.2855,1.3861
3233_4,180.3029,1.3639,20.3274,1.05,38.152,1.2306
3233_5,179.6653,1.3583,15.5839,1.0333,38.6462,1.2222
3247_1,171.4749,1.2306,38.0542,0.875,30.2248,1.1028
3247_2,173.8402,1.325,37.9384,0.975,31.8101,1.2
3247_3,171.5322,1.3389,38.2629,0.9722,30.075,1.2111
3247_4,171.7711,1.1778,38.0689,0.8111,30.8151,1.05
3247_5,171.8514,1.6944,39.0698,1.725,30.7679,1.5639
3248_1,168.1521,1.5722,30.3222,1.2722,33.672,1.4583
3248_2,166.8765,1.8472,31.5242,1.55,33.43,1.7333
3248_3,169.346,1.7722,30.4893,1.4667,33.1593,1.6583
3248_4,167.0202,1.7389,30.2004,1.4222,32.8829,1.6222
3248_5,167.8217,1.8306,25.3911,1.4972,33.6803,1.7139
3250_1,176.6805,1.4556,16.6803,1.6028,34.6381,1.3472
3250_2,174.9436,1.2917,18.8719,1.4444,34.3167,1.1806
3250_3,176.6245,1.4611,21.6143,1.7028,34.822,1.3472
3250_4,177.0274,1.3333,17.003,1.4861,35.145,1.2222
3252_1,166.2902,1.8861,24.3278,1.9833,42.9,1.7444
3252_2,166.8475,1.6444,21.1082,1.7417,43.5008,1.5
3252_3,167.0499,1.6583,22.504,1.7583,43.7838,1.5111
3252_4,168.2632,1.4139,21.3348,1.5111,43.0352,1.275
3252_5,167.9611,1.55,21.7444,1.6417,41.897,1.4056
